Workbook

Sheet Tabelle1
A1: Spalte1 | B1: Mail | C1: Name | D1: Classico | E1: Rustico | F1: Sesam | G1: Vollkorn | H1: Roggen | I1: Zimt
A2: 1 | B2: annas.emails@gmx.com | C2: Anna Zimmer
A3: 1 | B3: berndoberle@web.de | C3: Bernd Oberle
A4: 1 | B4: doris.eich@gmx.de | C4: doris sprißler eich | E4: 1 | H4: 1 | I4: 3
A5: 1 | B5: elfi-korten@gmx.de | C5: Korten | D5: 1
A6: 1 | B6: familie@reicht.pro | C6: ignaz reicht | E6: 1 | H6: 2
A7: 1 | B7: freda.fuchs@posteo.de | C7: Johannes und Freda Fuchs | H7: 1 | I7: 1
A8: 1 | B8: Garcia.samuel@gmx.de | C8: lisa zinkwe (zinkwelisa@gmail.com)
A9: 1 | B9: jklofregtag@gmail.com | C9: ???
A10: 1 | B10: mariecox@live.de | C10: Marie Cox
A11: 1 | B11: martina.franke-schaub@web.de | C11: martina franke | F11: 1
A12: 1 | B12: nj93@gmx.de | C12: Nadine Held | F12: 1 | I12: 2
A13: 1 | B13: ofer.maximilian@gmail.com | C13: max ofer
A14: 1 | B14: perlenhülte@web.de
A15: 1 | B15: seg@posteo.de | C15: Steffi Eggestein
A16: 1 | B16: Susanne.pflueger.hd@gmail.com | C16: gehört zu jspflueger@freenet.de)
A17: 1 | B17: thorbjoern.held@gmail.com | C17: Nadine Held
A18: 1 | B18: thum.martina@gmail.com | C18: m thum | D18: 1 | I18: 3
A19: 1 | B19: polleva@gmail.com | C19: Junke Kleinweiler | D19: 1 | E19: 1 | I19: 1
A20: 1 | B20: h.stehr@gmx.net | I20: 1
A21: 1 | B21: rhansen@mailbox.org | I21: 1

Sheet Tabelle2
C1: Classico | D1: Rustico | E1: Sesam | F1: Vollkorn | G1: Roggen | H1: Zimt
A2: annas.emails@gmx.com | C2: =SUMIF(Tabelle2[Mail],Tabelle2!$A2,Tabelle2[Classico]) -> 0 | D2: =SUMIF(Tabelle2[Mail],Tabelle2!$A2,Tabelle2[Rustico]) -> 0 | E2: =SUMIF(Tabelle2[Mail],Tabelle2!$A2,Tabelle2[Sesam]) -> 0 | F2: =SUMIF(Tabelle2[Mail],Tabelle2!$A2,Tabelle2[Vollkorn]) -> 0 | G2: =SUMIF(Tabelle2[Mail],Tabelle2!$A2,Tabelle2[Roggen]) -> 0 | H2: =SUMIF(Tabelle2[Mail],Tabelle2!$A2,Tabelle2[Zimt]) -> 0
A3: berndoberle@web.de | C3: =SUMIF(Tabelle2[Mail],Tabelle2!$A3,Tabelle2[Classico]) -> 0 | D3: =SUMIF(Tabelle2[Mail],Tabelle2!$A3,Tabelle2[Rustico]) -> 0 | E3: =SUMIF(Tabelle2[Mail],Tabelle2!$A3,Tabelle2[Sesam]) -> 0 | F3: =SUMIF(Tabelle2[Mail],Tabelle2!$A3,Tabelle2[Vollkorn]) -> 0 | G3: =SUMIF(Tabelle2[Mail],Tabelle2!$A3,Tabelle2[Roggen]) -> 0 | H3: =SUMIF(Tabelle2[Mail],Tabelle2!$A3,Tabelle2[Zimt]) -> 0
A4: doris.eich@gmx.de | C4: =SUMIF(Tabelle2[Mail],Tabelle2!$A4,Tabelle2[Classico]) -> 0 | D4: =SUMIF(Tabelle2[Mail],Tabelle2!$A4,Tabelle2[Rustico]) -> 1 | E4: =SUMIF(Tabelle2[Mail],Tabelle2!$A4,Tabelle2[Sesam]) -> 0 | F4: =SUMIF(Tabelle2[Mail],Tabelle2!$A4,Tabelle2[Vollkorn]) -> 0 | G4: =SUMIF(Tabelle2[Mail],Tabelle2!$A4,Tabelle2[Roggen]) -> 1 | H4: =SUMIF(Tabelle2[Mail],Tabelle2!$A4,Tabelle2[Zimt]) -> 3
A5: elfi-korten@gmx.de | C5: =SUMIF(Tabelle2[Mail],Tabelle2!$A5,Tabelle2[Classico]) -> 1 | D5: =SUMIF(Tabelle2[Mail],Tabelle2!$A5,Tabelle2[Rustico]) -> 0 | E5: =SUMIF(Tabelle2[Mail],Tabelle2!$A5,Tabelle2[Sesam]) -> 0 | F5: =SUMIF(Tabelle2[Mail],Tabelle2!$A5,Tabelle2[Vollkorn]) -> 0 | G5: =SUMIF(Tabelle2[Mail],Tabelle2!$A5,Tabelle2[Roggen]) -> 0 | H5: =SUMIF(Tabelle2[Mail],Tabelle2!$A5,Tabelle2[Zimt]) -> 0
A6: familie@reicht.pro | C6: =SUMIF(Tabelle2[Mail],Tabelle2!$A6,Tabelle2[Classico]) -> 0 | D6: =SUMIF(Tabelle2[Mail],Tabelle2!$A6,Tabelle2[Rustico]) -> 1 | E6: =SUMIF(Tabelle2[Mail],Tabelle2!$A6,Tabelle2[Sesam]) -> 0 | F6: =SUMIF(Tabelle2[Mail],Tabelle2!$A6,Tabelle2[Vollkorn]) -> 0 | G6: =SUMIF(Tabelle2[Mail],Tabelle2!$A6,Tabelle2[Roggen]) -> 2 | H6: =SUMIF(Tabelle2[Mail],Tabelle2!$A6,Tabelle2[Zimt]) -> 0
A7: freda.fuchs@posteo.de | C7: =SUMIF(Tabelle2[Mail],Tabelle2!$A7,Tabelle2[Classico]) -> 0 | D7: =SUMIF(Tabelle2[Mail],Tabelle2!$A7,Tabelle2[Rustico]) -> 0 | E7: =SUMIF(Tabelle2[Mail],Tabelle2!$A7,Tabelle2[Sesam]) -> 0 | F7: =SUMIF(Tabelle2[Mail],Tabelle2!$A7,Tabelle2[Vollkorn]) -> 0 | G7: =SUMIF(Tabelle2[Mail],Tabelle2!$A7,Tabelle2[Roggen]) -> 1 | H7: =SUMIF(Tabelle2[Mail],Tabelle2!$A7,Tabelle2[Zimt]) -> 1
A8: Garcia.samuel@gmx.de | C8: =SUMIF(Tabelle2[Mail],Tabelle2!$A8,Tabelle2[Classico]) -> 0 | D8: =SUMIF(Tabelle2[Mail],Tabelle2!$A8,Tabelle2[Rustico]) -> 0 | E8: =SUMIF(Tabelle2[Mail],Tabelle2!$A8,Tabelle2[Sesam]) -> 0 | F8: =SUMIF(Tabelle2[Mail],Tabelle2!$A8,Tabelle2[Vollkorn]) -> 0 | G8: =SUMIF(Tabelle2[Mail],Tabelle2!$A8,Tabelle2[Roggen]) -> 0 | H8: =SUMIF(Tabelle2[Mail],Tabelle2!$A8,Tabelle2[Zimt]) -> 0
A9: jklofregtag@gmail.com | C9: =SUMIF(Tabelle2[Mail],Tabelle2!$A9,Tabelle2[Classico]) -> 0 | D9: =SUMIF(Tabelle2[Mail],Tabelle2!$A9,Tabelle2[Rustico]) -> 0 | E9: =SUMIF(Tabelle2[Mail],Tabelle2!$A9,Tabelle2[Sesam]) -> 0 | F9: =SUMIF(Tabelle2[Mail],Tabelle2!$A9,Tabelle2[Vollkorn]) -> 0 | G9: =SUMIF(Tabelle2[Mail],Tabelle2!$A9,Tabelle2[Roggen]) -> 0 | H9: =SUMIF(Tabelle2[Mail],Tabelle2!$A9,Tabelle2[Zimt]) -> 0
A10: mariecox@live.de | C10: =SUMIF(Tabelle2[Mail],Tabelle2!$A10,Tabelle2[Classico]) -> 0 | D10: =SUMIF(Tabelle2[Mail],Tabelle2!$A10,Tabelle2[Rustico]) -> 0 | E10: =SUMIF(Tabelle2[Mail],Tabelle2!$A10,Tabelle2[Sesam]) -> 0 | F10: =SUMIF(Tabelle2[Mail],Tabelle2!$A10,Tabelle2[Vollkorn]) -> 0 | G10: =SUMIF(Tabelle2[Mail],Tabelle2!$A10,Tabelle2[Roggen]) -> 0 | H10: =SUMIF(Tabelle2[Mail],Tabelle2!$A10,Tabelle2[Zimt]) -> 0
A11: martina.franke-schaub@web.de | C11: =SUMIF(Tabelle2[Mail],Tabelle2!$A11,Tabelle2[Classico]) -> 0 | D11: =SUMIF(Tabelle2[Mail],Tabelle2!$A11,Tabelle2[Rustico]) -> 0 | E11: =SUMIF(Tabelle2[Mail],Tabelle2!$A11,Tabelle2[Sesam]) -> 1 | F11: =SUMIF(Tabelle2[Mail],Tabelle2!$A11,Tabelle2[Vollkorn]) -> 0 | G11: =SUMIF(Tabelle2[Mail],Tabelle2!$A11,Tabelle2[Roggen]) -> 0 | H11: =SUMIF(Tabelle2[Mail],Tabelle2!$A11,Tabelle2[Zimt]) -> 0
A12: nj93@gmx.de | C12: =SUMIF(Tabelle2[Mail],Tabelle2!$A12,Tabelle2[Classico]) -> 0 | D12: =SUMIF(Tabelle2[Mail],Tabelle2!$A12,Tabelle2[Rustico]) -> 0 | E12: =SUMIF(Tabelle2[Mail],Tabelle2!$A12,Tabelle2[Sesam]) -> 1 | F12: =SUMIF(Tabelle2[Mail],Tabelle2!$A12,Tabelle2[Vollkorn]) -> 0 | G12: =SUMIF(Tabelle2[Mail],Tabelle2!$A12,Tabelle2[Roggen]) -> 0 | H12: =SUMIF(Tabelle2[Mail],Tabelle2!$A12,Tabelle2[Zimt]) -> 2
A13: ofer.maximilian@gmail.com | C13: =SUMIF(Tabelle2[Mail],Tabelle2!$A13,Tabelle2[Classico]) -> 0 | D13: =SUMIF(Tabelle2[Mail],Tabelle2!$A13,Tabelle2[Rustico]) -> 0 | E13: =SUMIF(Tabelle2[Mail],Tabelle2!$A13,Tabelle2[Sesam]) -> 0 | F13: =SUMIF(Tabelle2[Mail],Tabelle2!$A13,Tabelle2[Vollkorn]) -> 0 | G13: =SUMIF(Tabelle2[Mail],Tabelle2!$A13,Tabelle2[Roggen]) -> 0 | H13: =SUMIF(Tabelle2[Mail],Tabelle2!$A13,Tabelle2[Zimt]) -> 0
... A21: rhansen@mailbox.org | C21: =SUMIF(Tabelle2[Mail],Tabelle2!$A21,Tabelle2[Classico]) -> 0 | D21: =SUMIF(Tabelle2[Mail],Tabelle2!$A21,Tabelle2[Rustico]) -> 0 | E21: =SUMIF(Tabelle2[Mail],Tabelle2!$A21,Tabelle2[Sesam]) -> 0 | F21: =SUMIF(Tabelle2[Mail],Tabelle2!$A21,Tabelle2[Vollkorn]) -> 0 | G21: =SUMIF(Tabelle2[Mail],Tabelle2!$A21,Tabelle2[Roggen]) -> 0 | H21: =SUMIF(Tabelle2[Mail],Tabelle2!$A21,Tabelle2[Zimt]) -> 1
C25: 5 | D25: 6.2 | E25: 6.5 | F25: 7.6 | G25: 7 | H25: 3.3 | K25: Bezahlt?
A26: annas.emails@gmx.com | C26: =C$25*C2 -> 0 | D26: =D$25*D2 -> 0 | E26: =E$25*E2 -> 0 | F26: =F$25*F2 -> 0 | G26: =G$25*G2 -> 0 | H26: =H$25*H2 -> 0 | J26: =SUM(C26:H26) -> 0
A27: berndoberle@web.de | C27: =C$25*C3 -> 0 | D27: =D$25*D3 -> 0 | E27: =E$25*E3 -> 0 | F27: =F$25*F3 -> 0 | G27: =G$25*G3 -> 0 | H27: =H$25*H3 -> 0 | J27: =SUM(C27:H27) -> 0
A28: doris.eich@gmx.de | C28: =C$25*C4 -> 0 | D28: =D$25*D4 -> 6.2 | E28: =E$25*E4 -> 0 | F28: =F$25*F4 -> 0 | G28: =G$25*G4 -> 7 | H28: =H$25*H4 -> 9.9 | J28: =SUM(C28:H28) -> 23.1
A29: elfi-korten@gmx.de | C29: =C$25*C5 -> 5 | D29: =D$25*D5 -> 0 | E29: =E$25*E5 -> 0 | F29: =F$25*F5 -> 0 | G29: =G$25*G5 -> 0 | H29: =H$25*H5 -> 0 | J29: =SUM(C29:H29) -> 5
A30: familie@reicht.pro | C30: =C$25*C6 -> 0 | D30: =D$25*D6 -> 6.2 | E30: =E$25*E6 -> 0 | F30: =F$25*F6 -> 0 | G30: =G$25*G6 -> 14 | H30: =H$25*H6 -> 0 | J30: =SUM(C30:H30) -> 20.2
A31: freda.fuchs@posteo.de | C31: =C$25*C7 -> 0 | D31: =D$25*D7 -> 0 | E31: =E$25*E7 -> 0 | F31: =F$25*F7 -> 0 | G31: =G$25*G7 -> 7 | H31: =H$25*H7 -> 3.3 | J31: =SUM(C31:H31) -> 10.3
A32: Garcia.samuel@gmx.de | C32: =C$25*C8 -> 0 | D32: =D$25*D8 -> 0 | E32: =E$25*E8 -> 0 | F32: =F$25*F8 -> 0 | G32: =G$25*G8 -> 0 | H32: =H$25*H8 -> 0 | J32: =SUM(C32:H32) -> 0
A33: jklofregtag@gmail.com | C33: =C$25*C9 -> 0 | D33: =D$25*D9 -> 0 | E33: =E$25*E9 -> 0 | F33: =F$25*F9 -> 0 | G33: =G$25*G9 -> 0 | H33: =H$25*H9 -> 0 | J33: =SUM(C33:H33) -> 0
A34: mariecox@live.de | C34: =C$25*C10 -> 0 | D34: =D$25*D10 -> 0 | E34: =E$25*E10 -> 0 | F34: =F$25*F10 -> 0 | G34: =G$25*G10 -> 0 | H34: =H$25*H10 -> 0 | J34: =SUM(C34:H34) -> 0
A35: martina.franke-schaub@web.de | C35: =C$25*C11 -> 0 | D35: =D$25*D11 -> 0 | E35: =E$25*E11 -> 6.5 | F35: =F$25*F11 -> 0 | G35: =G$25*G11 -> 0 | H35: =H$25*H11 -> 0 | J35: =SUM(C35:H35) -> 6.5
A36: nj93@gmx.de | C36: =C$25*C12 -> 0 | D36: =D$25*D12 -> 0 | E36: =E$25*E12 -> 6.5 | F36: =F$25*F12 -> 0 | G36: =G$25*G12 -> 0 | H36: =H$25*H12 -> 6.6 | J36: =SUM(C36:H36) -> 13.1
A37: ofer.maximilian@gmail.com | C37: =C$25*C13 -> 0 | D37: =D$25*D13 -> 0 | E37: =E$25*E13 -> 0 | F37: =F$25*F13 -> 0 | G37: =G$25*G13 -> 0 | H37: =H$25*H13 -> 0 | J37: =SUM(C37:H37) -> 0
... A45: rhansen@mailbox.org | C45: =C$25*C21 -> 0 | D45: =D$25*D21 -> 0 | E45: =E$25*E21 -> 0 | F45: =F$25*F21 -> 0 | G45: =G$25*G21 -> 0 | H45: =H$25*H21 -> 3.3 | J45: =SUM(C45:H45) -> 3.3
J49: =SUM(J26:J46) -> 114.2
